"","Condition","Agegroup","ET_first","Participant","Gender","Ageindays","Counterbalanced_order","Item_order","DV","In_for_et","Propcorrect","Vocabularycategory","Expressive_vocab_direct_raw","CDIIII_vocab","CDIIII_sentences","CDIIII_usingsentences","Item"
"1","active","2_years","second","3","female",852,"2","1",1,0,0.67,"Not_completed",NA,NA,NA,NA,5
"2","active","2_years","second","3","female",852,"2","2",0,0,0.67,"Not_completed",NA,NA,NA,NA,6
"3","active","2_years","second","3","female",852,"2","3",0,0,0.67,"Not_completed",NA,NA,NA,NA,1
"4","active","2_years","second","3","female",852,"2","4",1,0,0.67,"Not_completed",NA,NA,NA,NA,2
"5","active","2_years","second","3","female",852,"2","5",1,0,0.67,"Not_completed",NA,NA,NA,NA,3
"6","active","2_years","second","3","female",852,"2","6",1,0,0.67,"Not_completed",NA,NA,NA,NA,4
"7","active","2_years","second","4","female",839,"3","1",1,0,0.5,"Not_completed",NA,NA,NA,NA,2
"8","active","2_years","second","4","female",839,"3","2",0,0,0.5,"Not_completed",NA,NA,NA,NA,3
"9","active","2_years","second","4","female",839,"3","3",0,0,0.5,"Not_completed",NA,NA,NA,NA,4
"10","active","2_years","second","4","female",839,"3","4",0,0,0.5,"Not_completed",NA,NA,NA,NA,5
"11","active","2_years","second","4","female",839,"3","5",1,0,0.5,"Not_completed",NA,NA,NA,NA,6
"12","active","2_years","second","4","female",839,"3","6",1,0,0.5,"Not_completed",NA,NA,NA,NA,1
"13","active","2_years","second","7","male",743,"2","1",1,0,0.6,"Not_completed",NA,NA,NA,NA,5
"14","active","2_years","second","7","male",743,"2","2",1,0,0.6,"Not_completed",NA,NA,NA,NA,6
"15","active","2_years","second","7","male",743,"2","3",1,0,0.6,"Not_completed",NA,NA,NA,NA,1
"16","active","2_years","second","7","male",743,"2","4",0,0,0.6,"Not_completed",NA,NA,NA,NA,2
"17","active","2_years","second","7","male",743,"2","5",NA,0,0.6,"Not_completed",NA,NA,NA,NA,3
"18","active","2_years","second","7","male",743,"2","6",0,0,0.6,"Not_completed",NA,NA,NA,NA,4
"19","active","2_years","second","8","male",822,"4","1",1,0,0.33,"Not_completed",NA,NA,NA,NA,4
"20","active","2_years","second","8","male",822,"4","2",0,0,0.33,"Not_completed",NA,NA,NA,NA,5
"21","active","2_years","second","8","male",822,"4","3",0,0,0.33,"Not_completed",NA,NA,NA,NA,6
"22","active","2_years","second","8","male",822,"4","4",0,0,0.33,"Not_completed",NA,NA,NA,NA,1
"23","active","2_years","second","8","male",822,"4","5",0,0,0.33,"Not_completed",NA,NA,NA,NA,2
"24","active","2_years","second","8","male",822,"4","6",1,0,0.33,"Not_completed",NA,NA,NA,NA,3
"25","active","2_years","second","9","female",726,"1","1",0,0,0.33,"Not_completed",NA,NA,NA,NA,1
"26","active","2_years","second","9","female",726,"1","2",1,0,0.33,"Not_completed",NA,NA,NA,NA,2
"27","active","2_years","second","9","female",726,"1","3",0,0,0.33,"Not_completed",NA,NA,NA,NA,3
"28","active","2_years","second","9","female",726,"1","4",0,0,0.33,"Not_completed",NA,NA,NA,NA,4
"29","active","2_years","second","9","female",726,"1","5",0,0,0.33,"Not_completed",NA,NA,NA,NA,5
"30","active","2_years","second","9","female",726,"1","6",1,0,0.33,"Not_completed",NA,NA,NA,NA,6
"31","active","2_years","second","10","female",873,"1","1",1,0,0.83,"Not_completed",NA,NA,NA,NA,1
"32","active","2_years","second","10","female",873,"1","2",0,0,0.83,"Not_completed",NA,NA,NA,NA,2
"33","active","2_years","second","10","female",873,"1","3",1,0,0.83,"Not_completed",NA,NA,NA,NA,3
"34","active","2_years","second","10","female",873,"1","4",1,0,0.83,"Not_completed",NA,NA,NA,NA,4
"35","active","2_years","second","10","female",873,"1","5",1,0,0.83,"Not_completed",NA,NA,NA,NA,5
"36","active","2_years","second","10","female",873,"1","6",1,0,0.83,"Not_completed",NA,NA,NA,NA,6
"37","active","2_years","second","11","female",847,"3","1",1,0,0.67,"vocab_above_median",23,NA,NA,NA,2
"38","active","2_years","second","11","female",847,"3","2",0,0,0.67,"vocab_above_median",23,NA,NA,NA,3
"39","active","2_years","second","11","female",847,"3","3",1,0,0.67,"vocab_above_median",23,NA,NA,NA,4
"40","active","2_years","second","11","female",847,"3","4",1,0,0.67,"vocab_above_median",23,NA,NA,NA,5
"41","active","2_years","second","11","female",847,"3","5",1,0,0.67,"vocab_above_median",23,NA,NA,NA,6
"42","active","2_years","second","11","female",847,"3","6",0,0,0.67,"vocab_above_median",23,NA,NA,NA,1
"43","active","2_years","second","12","female",798,"4","1",0,0,0.67,"vocab_under_median",5,NA,NA,NA,4
"44","active","2_years","second","12","female",798,"4","2",1,0,0.67,"vocab_under_median",5,NA,NA,NA,5
"45","active","2_years","second","12","female",798,"4","3",0,0,0.67,"vocab_under_median",5,NA,NA,NA,6
"46","active","2_years","second","12","female",798,"4","4",1,0,0.67,"vocab_under_median",5,NA,NA,NA,1
"47","active","2_years","second","12","female",798,"4","5",1,0,0.67,"vocab_under_median",5,NA,NA,NA,2
"48","active","2_years","second","12","female",798,"4","6",1,0,0.67,"vocab_under_median",5,NA,NA,NA,3
"49","active","2_years","second","14","male",773,"2","1",1,0,0.67,"vocab_under_median",8,NA,NA,NA,5
"50","active","2_years","second","14","male",773,"2","2",1,0,0.67,"vocab_under_median",8,NA,NA,NA,6
"51","active","2_years","second","14","male",773,"2","3",1,0,0.67,"vocab_under_median",8,NA,NA,NA,1
"52","active","2_years","second","14","male",773,"2","4",0,0,0.67,"vocab_under_median",8,NA,NA,NA,2
"53","active","2_years","second","14","male",773,"2","5",0,0,0.67,"vocab_under_median",8,NA,NA,NA,3
"54","active","2_years","second","14","male",773,"2","6",1,0,0.67,"vocab_under_median",8,NA,NA,NA,4
"55","active","2_years","second","15","male",720,"3","1",1,0,0.67,"vocab_under_median",22,NA,NA,NA,2
"56","active","2_years","second","15","male",720,"3","2",0,0,0.67,"vocab_under_median",22,NA,NA,NA,3
"57","active","2_years","second","15","male",720,"3","3",1,0,0.67,"vocab_under_median",22,NA,NA,NA,4
"58","active","2_years","second","15","male",720,"3","4",1,0,0.67,"vocab_under_median",22,NA,NA,NA,5
"59","active","2_years","second","15","male",720,"3","5",0,0,0.67,"vocab_under_median",22,NA,NA,NA,6
"60","active","2_years","second","15","male",720,"3","6",1,0,0.67,"vocab_under_median",22,NA,NA,NA,1
"61","active","2_years","second","17","male",759,"1","1",1,0,0.83,"vocab_under_median",19,NA,NA,NA,1
"62","active","2_years","second","17","male",759,"1","2",1,0,0.83,"vocab_under_median",19,NA,NA,NA,2
"63","active","2_years","second","17","male",759,"1","3",0,0,0.83,"vocab_under_median",19,NA,NA,NA,3
"64","active","2_years","second","17","male",759,"1","4",1,0,0.83,"vocab_under_median",19,NA,NA,NA,4
"65","active","2_years","second","17","male",759,"1","5",1,0,0.83,"vocab_under_median",19,NA,NA,NA,5
"66","active","2_years","second","17","male",759,"1","6",1,0,0.83,"vocab_under_median",19,NA,NA,NA,6
"67","active","2_years","first","18","female",800,"2","1",1,1,0.6,"Not_completed",NA,NA,NA,NA,5
"68","active","2_years","first","18","female",800,"2","2",1,1,0.6,"Not_completed",NA,NA,NA,NA,6
"69","active","2_years","first","18","female",800,"2","3",NA,1,0.6,"Not_completed",NA,NA,NA,NA,1
"70","active","2_years","first","18","female",800,"2","4",0,1,0.6,"Not_completed",NA,NA,NA,NA,2
"71","active","2_years","first","18","female",800,"2","5",0,1,0.6,"Not_completed",NA,NA,NA,NA,3
"72","active","2_years","first","18","female",800,"2","6",1,1,0.6,"Not_completed",NA,NA,NA,NA,4
"73","active","2_years","first","24","male",792,"3","1",1,1,0.5,"vocab_above_median",26,NA,NA,NA,2
"74","active","2_years","first","24","male",792,"3","2",0,1,0.5,"vocab_above_median",26,NA,NA,NA,3
"75","active","2_years","first","24","male",792,"3","3",0,1,0.5,"vocab_above_median",26,NA,NA,NA,4
"76","active","2_years","first","24","male",792,"3","4",0,1,0.5,"vocab_above_median",26,NA,NA,NA,5
"77","active","2_years","first","24","male",792,"3","5",1,1,0.5,"vocab_above_median",26,NA,NA,NA,6
"78","active","2_years","first","24","male",792,"3","6",1,1,0.5,"vocab_above_median",26,NA,NA,NA,1
"79","active","2_years","first","26","female",766,"2","1",0,1,0.33,"vocab_above_median",25,NA,NA,NA,5
"80","active","2_years","first","26","female",766,"2","2",0,1,0.33,"vocab_above_median",25,NA,NA,NA,6
"81","active","2_years","first","26","female",766,"2","3",0,1,0.33,"vocab_above_median",25,NA,NA,NA,1
"82","active","2_years","first","26","female",766,"2","4",1,1,0.33,"vocab_above_median",25,NA,NA,NA,2
"83","active","2_years","first","26","female",766,"2","5",1,1,0.33,"vocab_above_median",25,NA,NA,NA,3
"84","active","2_years","first","26","female",766,"2","6",0,1,0.33,"vocab_above_median",25,NA,NA,NA,4
"85","active","2_years","first","29","female",722,"1","1",1,1,0.5,"vocab_under_median",6,NA,NA,NA,1
"86","active","2_years","first","29","female",722,"1","2",0,1,0.5,"vocab_under_median",6,NA,NA,NA,2
"87","active","2_years","first","29","female",722,"1","3",1,1,0.5,"vocab_under_median",6,NA,NA,NA,3
"88","active","2_years","first","29","female",722,"1","4",0,1,0.5,"vocab_under_median",6,NA,NA,NA,4
"89","active","2_years","first","29","female",722,"1","5",0,1,0.5,"vocab_under_median",6,NA,NA,NA,5
"90","active","2_years","first","29","female",722,"1","6",1,1,0.5,"vocab_under_median",6,NA,NA,NA,6
"91","active","2_years","first","132","male",829,"4","1",0,1,0.17,"vocab_above_median",27,NA,NA,NA,4
"92","active","2_years","first","132","male",829,"4","2",1,1,0.17,"vocab_above_median",27,NA,NA,NA,5
"93","active","2_years","first","132","male",829,"4","3",0,1,0.17,"vocab_above_median",27,NA,NA,NA,6
"94","active","2_years","first","132","male",829,"4","4",0,1,0.17,"vocab_above_median",27,NA,NA,NA,1
"95","active","2_years","first","132","male",829,"4","5",0,1,0.17,"vocab_above_median",27,NA,NA,NA,2
"96","active","2_years","first","132","male",829,"4","6",0,1,0.17,"vocab_above_median",27,NA,NA,NA,3
"97","active","2_years","second","133","male",840,"1","1",0,0,0.2,"vocab_above_median",24,NA,NA,NA,1
"98","active","2_years","second","133","male",840,"1","2",0,0,0.2,"vocab_above_median",24,NA,NA,NA,2
"99","active","2_years","second","133","male",840,"1","3",0,0,0.2,"vocab_above_median",24,NA,NA,NA,3
"100","active","2_years","second","133","male",840,"1","4",1,0,0.2,"vocab_above_median",24,NA,NA,NA,4
"101","active","2_years","second","133","male",840,"1","5",0,0,0.2,"vocab_above_median",24,NA,NA,NA,5
"102","active","2_years","second","133","male",840,"1","6",NA,0,0.2,"vocab_above_median",24,NA,NA,NA,6
"103","active","2_years","second","134","female",867,"3","1",0,0,0.5,"vocab_above_median",24,NA,NA,NA,2
"104","active","2_years","second","134","female",867,"3","2",0,0,0.5,"vocab_above_median",24,NA,NA,NA,3
"105","active","2_years","second","134","female",867,"3","3",0,0,0.5,"vocab_above_median",24,NA,NA,NA,4
"106","active","2_years","second","134","female",867,"3","4",1,0,0.5,"vocab_above_median",24,NA,NA,NA,5
"107","active","2_years","second","134","female",867,"3","5",1,0,0.5,"vocab_above_median",24,NA,NA,NA,6
"108","active","2_years","second","134","female",867,"3","6",1,0,0.5,"vocab_above_median",24,NA,NA,NA,1
"109","active","2_years","first","138","female",854,"1","1",1,1,0.83,"vocab_under_median",22,NA,NA,NA,1
"110","active","2_years","first","138","female",854,"1","2",0,1,0.83,"vocab_under_median",22,NA,NA,NA,2
"111","active","2_years","first","138","female",854,"1","3",1,1,0.83,"vocab_under_median",22,NA,NA,NA,3
"112","active","2_years","first","138","female",854,"1","4",1,1,0.83,"vocab_under_median",22,NA,NA,NA,4
"113","active","2_years","first","138","female",854,"1","5",1,1,0.83,"vocab_under_median",22,NA,NA,NA,5
"114","active","2_years","first","138","female",854,"1","6",1,1,0.83,"vocab_under_median",22,NA,NA,NA,6
"115","active","2_years","first","139","female",884,"2","1",0,1,0.17,"vocab_above_median",28,NA,NA,NA,5
"116","active","2_years","first","139","female",884,"2","2",0,1,0.17,"vocab_above_median",28,NA,NA,NA,6
"117","active","2_years","first","139","female",884,"2","3",1,1,0.17,"vocab_above_median",28,NA,NA,NA,1
"118","active","2_years","first","139","female",884,"2","4",0,1,0.17,"vocab_above_median",28,NA,NA,NA,2
"119","active","2_years","first","139","female",884,"2","5",0,1,0.17,"vocab_above_median",28,NA,NA,NA,3
"120","active","2_years","first","139","female",884,"2","6",0,1,0.17,"vocab_above_median",28,NA,NA,NA,4
"121","active","2_years","first","202","female",858,"4","1",1,1,0.5,"vocab_above_median",25,NA,NA,NA,4
"122","active","2_years","first","202","female",858,"4","2",0,1,0.5,"vocab_above_median",25,NA,NA,NA,5
"123","active","2_years","first","202","female",858,"4","3",1,1,0.5,"vocab_above_median",25,NA,NA,NA,6
"124","active","2_years","first","202","female",858,"4","4",0,1,0.5,"vocab_above_median",25,NA,NA,NA,1
"125","active","2_years","first","202","female",858,"4","5",0,1,0.5,"vocab_above_median",25,NA,NA,NA,2
"126","active","2_years","first","202","female",858,"4","6",1,1,0.5,"vocab_above_median",25,NA,NA,NA,3
"127","active","2_years","first","203","male",852,"3","1",1,1,0.5,"vocab_above_median",27,NA,NA,NA,2
"128","active","2_years","first","203","male",852,"3","2",1,1,0.5,"vocab_above_median",27,NA,NA,NA,3
"129","active","2_years","first","203","male",852,"3","3",1,1,0.5,"vocab_above_median",27,NA,NA,NA,4
"130","active","2_years","first","203","male",852,"3","4",0,1,0.5,"vocab_above_median",27,NA,NA,NA,5
"131","active","2_years","first","203","male",852,"3","5",0,1,0.5,"vocab_above_median",27,NA,NA,NA,6
"132","active","2_years","first","203","male",852,"3","6",0,1,0.5,"vocab_above_median",27,NA,NA,NA,1
"133","active","2_years","first","204","male",871,"3","1",1,1,0.83,"vocab_under_median",14,NA,NA,NA,2
"134","active","2_years","first","204","male",871,"3","2",1,1,0.83,"vocab_under_median",14,NA,NA,NA,3
"135","active","2_years","first","204","male",871,"3","3",0,1,0.83,"vocab_under_median",14,NA,NA,NA,4
"136","active","2_years","first","204","male",871,"3","4",1,1,0.83,"vocab_under_median",14,NA,NA,NA,5
"137","active","2_years","first","204","male",871,"3","5",1,1,0.83,"vocab_under_median",14,NA,NA,NA,6
"138","active","2_years","first","204","male",871,"3","6",1,1,0.83,"vocab_under_median",14,NA,NA,NA,1
"139","active","2_years","first","210","male",777,"4","1",1,1,1,"vocab_under_median",2,NA,NA,NA,4
"140","active","2_years","first","210","male",777,"4","2",1,1,1,"vocab_under_median",2,NA,NA,NA,5
"141","active","2_years","first","210","male",777,"4","3",1,1,1,"vocab_under_median",2,NA,NA,NA,6
"142","active","2_years","first","210","male",777,"4","4",1,1,1,"vocab_under_median",2,NA,NA,NA,1
"143","active","2_years","first","210","male",777,"4","5",1,1,1,"vocab_under_median",2,NA,NA,NA,2
"144","active","2_years","first","210","male",777,"4","6",1,1,1,"vocab_under_median",2,NA,NA,NA,3
"145","passive","2_years","first","81","female",800,"2","1",1,1,0.5,"vocab_under_median",21,NA,NA,NA,5
"146","passive","2_years","first","81","female",800,"2","2",1,1,0.5,"vocab_under_median",21,NA,NA,NA,6
"147","passive","2_years","first","81","female",800,"2","3",0,1,0.5,"vocab_under_median",21,NA,NA,NA,1
"148","passive","2_years","first","81","female",800,"2","4",0,1,0.5,"vocab_under_median",21,NA,NA,NA,2
"149","passive","2_years","first","81","female",800,"2","5",1,1,0.5,"vocab_under_median",21,NA,NA,NA,3
"150","passive","2_years","first","81","female",800,"2","6",0,1,0.5,"vocab_under_median",21,NA,NA,NA,4
"151","passive","2_years","first","82","male",744,"4","1",1,1,0.67,"vocab_under_median",14,NA,NA,NA,4
"152","passive","2_years","first","82","male",744,"4","2",1,1,0.67,"vocab_under_median",14,NA,NA,NA,5
"153","passive","2_years","first","82","male",744,"4","3",1,1,0.67,"vocab_under_median",14,NA,NA,NA,6
"154","passive","2_years","first","82","male",744,"4","4",0,1,0.67,"vocab_under_median",14,NA,NA,NA,1
"155","passive","2_years","first","82","male",744,"4","5",0,1,0.67,"vocab_under_median",14,NA,NA,NA,2
"156","passive","2_years","first","82","male",744,"4","6",1,1,0.67,"vocab_under_median",14,NA,NA,NA,3
"157","passive","2_years","second","83","male",732,"1","1",0,0,0.33,"vocab_above_median",23,NA,NA,NA,1
"158","passive","2_years","second","83","male",732,"1","2",0,0,0.33,"vocab_above_median",23,NA,NA,NA,2
"159","passive","2_years","second","83","male",732,"1","3",0,0,0.33,"vocab_above_median",23,NA,NA,NA,3
"160","passive","2_years","second","83","male",732,"1","4",1,0,0.33,"vocab_above_median",23,NA,NA,NA,4
"161","passive","2_years","second","83","male",732,"1","5",1,0,0.33,"vocab_above_median",23,NA,NA,NA,5
"162","passive","2_years","second","83","male",732,"1","6",0,0,0.33,"vocab_above_median",23,NA,NA,NA,6
"163","passive","2_years","first","84","female",775,"4","1",0,1,0.33,"vocab_above_median",25,NA,NA,NA,4
"164","passive","2_years","first","84","female",775,"4","2",0,1,0.33,"vocab_above_median",25,NA,NA,NA,5
"165","passive","2_years","first","84","female",775,"4","3",1,1,0.33,"vocab_above_median",25,NA,NA,NA,6
"166","passive","2_years","first","84","female",775,"4","4",0,1,0.33,"vocab_above_median",25,NA,NA,NA,1
"167","passive","2_years","first","84","female",775,"4","5",0,1,0.33,"vocab_above_median",25,NA,NA,NA,2
"168","passive","2_years","first","84","female",775,"4","6",1,1,0.33,"vocab_above_median",25,NA,NA,NA,3
"169","passive","2_years","second","86","male",831,"3","1",1,0,0.33,"vocab_under_median",21,NA,NA,NA,2
"170","passive","2_years","second","86","male",831,"3","2",0,0,0.33,"vocab_under_median",21,NA,NA,NA,3
"171","passive","2_years","second","86","male",831,"3","3",0,0,0.33,"vocab_under_median",21,NA,NA,NA,4
"172","passive","2_years","second","86","male",831,"3","4",1,0,0.33,"vocab_under_median",21,NA,NA,NA,5
"173","passive","2_years","second","86","male",831,"3","5",0,0,0.33,"vocab_under_median",21,NA,NA,NA,6
"174","passive","2_years","second","86","male",831,"3","6",0,0,0.33,"vocab_under_median",21,NA,NA,NA,1
"175","passive","2_years","first","87","male",868,"2","1",0,1,0.17,"vocab_under_median",18,NA,NA,NA,5
"176","passive","2_years","first","87","male",868,"2","2",0,1,0.17,"vocab_under_median",18,NA,NA,NA,6
"177","passive","2_years","first","87","male",868,"2","3",0,1,0.17,"vocab_under_median",18,NA,NA,NA,1
"178","passive","2_years","first","87","male",868,"2","4",0,1,0.17,"vocab_under_median",18,NA,NA,NA,2
"179","passive","2_years","first","87","male",868,"2","5",0,1,0.17,"vocab_under_median",18,NA,NA,NA,3
"180","passive","2_years","first","87","male",868,"2","6",1,1,0.17,"vocab_under_median",18,NA,NA,NA,4
"181","passive","2_years","first","88","female",880,"1","1",1,1,0.5,"vocab_above_median",23,NA,NA,NA,1
"182","passive","2_years","first","88","female",880,"1","2",1,1,0.5,"vocab_above_median",23,NA,NA,NA,2
"183","passive","2_years","first","88","female",880,"1","3",0,1,0.5,"vocab_above_median",23,NA,NA,NA,3
"184","passive","2_years","first","88","female",880,"1","4",0,1,0.5,"vocab_above_median",23,NA,NA,NA,4
"185","passive","2_years","first","88","female",880,"1","5",0,1,0.5,"vocab_above_median",23,NA,NA,NA,5
"186","passive","2_years","first","88","female",880,"1","6",1,1,0.5,"vocab_above_median",23,NA,NA,NA,6
"187","passive","2_years","second","89","female",738,"2","1",0,0,0.83,"vocab_under_median",21,NA,NA,NA,5
"188","passive","2_years","second","89","female",738,"2","2",1,0,0.83,"vocab_under_median",21,NA,NA,NA,6
"189","passive","2_years","second","89","female",738,"2","3",1,0,0.83,"vocab_under_median",21,NA,NA,NA,1
"190","passive","2_years","second","89","female",738,"2","4",1,0,0.83,"vocab_under_median",21,NA,NA,NA,2
"191","passive","2_years","second","89","female",738,"2","5",1,0,0.83,"vocab_under_median",21,NA,NA,NA,3
"192","passive","2_years","second","89","female",738,"2","6",1,0,0.83,"vocab_under_median",21,NA,NA,NA,4
"193","passive","2_years","first","91","female",719,"3","1",1,1,0.5,"vocab_above_median",25,NA,NA,NA,2
"194","passive","2_years","first","91","female",719,"3","2",0,1,0.5,"vocab_above_median",25,NA,NA,NA,3
"195","passive","2_years","first","91","female",719,"3","3",0,1,0.5,"vocab_above_median",25,NA,NA,NA,4
"196","passive","2_years","first","91","female",719,"3","4",1,1,0.5,"vocab_above_median",25,NA,NA,NA,5
"197","passive","2_years","first","91","female",719,"3","5",1,1,0.5,"vocab_above_median",25,NA,NA,NA,6
"198","passive","2_years","first","91","female",719,"3","6",0,1,0.5,"vocab_above_median",25,NA,NA,NA,1
"199","passive","2_years","second","92","female",856,"4","1",0,0,0.17,"vocab_above_median",24,NA,NA,NA,4
"200","passive","2_years","second","92","female",856,"4","2",0,0,0.17,"vocab_above_median",24,NA,NA,NA,5
"201","passive","2_years","second","92","female",856,"4","3",0,0,0.17,"vocab_above_median",24,NA,NA,NA,6
"202","passive","2_years","second","92","female",856,"4","4",1,0,0.17,"vocab_above_median",24,NA,NA,NA,1
"203","passive","2_years","second","92","female",856,"4","5",0,0,0.17,"vocab_above_median",24,NA,NA,NA,2
"204","passive","2_years","second","92","female",856,"4","6",0,0,0.17,"vocab_above_median",24,NA,NA,NA,3
"205","passive","2_years","second","93","female",858,"3","1",1,0,0.67,"vocab_under_median",20,NA,NA,NA,2
"206","passive","2_years","second","93","female",858,"3","2",0,0,0.67,"vocab_under_median",20,NA,NA,NA,3
"207","passive","2_years","second","93","female",858,"3","3",1,0,0.67,"vocab_under_median",20,NA,NA,NA,4
"208","passive","2_years","second","93","female",858,"3","4",1,0,0.67,"vocab_under_median",20,NA,NA,NA,5
"209","passive","2_years","second","93","female",858,"3","5",0,0,0.67,"vocab_under_median",20,NA,NA,NA,6
"210","passive","2_years","second","93","female",858,"3","6",1,0,0.67,"vocab_under_median",20,NA,NA,NA,1
"211","passive","2_years","second","94","male",796,"1","1",1,0,0.33,"vocab_under_median",20,NA,NA,NA,1
"212","passive","2_years","second","94","male",796,"1","2",1,0,0.33,"vocab_under_median",20,NA,NA,NA,2
"213","passive","2_years","second","94","male",796,"1","3",0,0,0.33,"vocab_under_median",20,NA,NA,NA,3
"214","passive","2_years","second","94","male",796,"1","4",0,0,0.33,"vocab_under_median",20,NA,NA,NA,4
"215","passive","2_years","second","94","male",796,"1","5",0,0,0.33,"vocab_under_median",20,NA,NA,NA,5
"216","passive","2_years","second","94","male",796,"1","6",0,0,0.33,"vocab_under_median",20,NA,NA,NA,6
"217","passive","2_years","second","95","male",766,"1","1",0,0,0.5,"vocab_under_median",19,NA,NA,NA,1
"218","passive","2_years","second","95","male",766,"1","2",0,0,0.5,"vocab_under_median",19,NA,NA,NA,2
"219","passive","2_years","second","95","male",766,"1","3",0,0,0.5,"vocab_under_median",19,NA,NA,NA,3
"220","passive","2_years","second","95","male",766,"1","4",1,0,0.5,"vocab_under_median",19,NA,NA,NA,4
"221","passive","2_years","second","95","male",766,"1","5",1,0,0.5,"vocab_under_median",19,NA,NA,NA,5
"222","passive","2_years","second","95","male",766,"1","6",1,0,0.5,"vocab_under_median",19,NA,NA,NA,6
"223","passive","2_years","first","96","female",841,"2","1",0,1,0.17,"vocab_above_median",26,NA,NA,NA,5
"224","passive","2_years","first","96","female",841,"2","2",1,1,0.17,"vocab_above_median",26,NA,NA,NA,6
"225","passive","2_years","first","96","female",841,"2","3",0,1,0.17,"vocab_above_median",26,NA,NA,NA,1
"226","passive","2_years","first","96","female",841,"2","4",0,1,0.17,"vocab_above_median",26,NA,NA,NA,2
"227","passive","2_years","first","96","female",841,"2","5",0,1,0.17,"vocab_above_median",26,NA,NA,NA,3
"228","passive","2_years","first","96","female",841,"2","6",0,1,0.17,"vocab_above_median",26,NA,NA,NA,4
"229","passive","2_years","first","99","female",835,"3","1",0,1,0.33,"vocab_above_median",26,NA,NA,NA,2
"230","passive","2_years","first","99","female",835,"3","2",0,1,0.33,"vocab_above_median",26,NA,NA,NA,3
"231","passive","2_years","first","99","female",835,"3","3",0,1,0.33,"vocab_above_median",26,NA,NA,NA,4
"232","passive","2_years","first","99","female",835,"3","4",0,1,0.33,"vocab_above_median",26,NA,NA,NA,5
"233","passive","2_years","first","99","female",835,"3","5",1,1,0.33,"vocab_above_median",26,NA,NA,NA,6
"234","passive","2_years","first","99","female",835,"3","6",1,1,0.33,"vocab_above_median",26,NA,NA,NA,1
"235","passive","2_years","first","100","male",737,"4","1",0,1,0.17,"vocab_under_median",13,NA,NA,NA,4
"236","passive","2_years","first","100","male",737,"4","2",0,1,0.17,"vocab_under_median",13,NA,NA,NA,5
"237","passive","2_years","first","100","male",737,"4","3",0,1,0.17,"vocab_under_median",13,NA,NA,NA,6
"238","passive","2_years","first","100","male",737,"4","4",0,1,0.17,"vocab_under_median",13,NA,NA,NA,1
"239","passive","2_years","first","100","male",737,"4","5",0,1,0.17,"vocab_under_median",13,NA,NA,NA,2
"240","passive","2_years","first","100","male",737,"4","6",1,1,0.17,"vocab_under_median",13,NA,NA,NA,3
"241","passive","2_years","first","101","male",790,"2","1",1,1,0.67,"vocab_above_median",27,NA,NA,NA,5
"242","passive","2_years","first","101","male",790,"2","2",0,1,0.67,"vocab_above_median",27,NA,NA,NA,6
"243","passive","2_years","first","101","male",790,"2","3",1,1,0.67,"vocab_above_median",27,NA,NA,NA,1
"244","passive","2_years","first","101","male",790,"2","4",1,1,0.67,"vocab_above_median",27,NA,NA,NA,2
"245","passive","2_years","first","101","male",790,"2","5",1,1,0.67,"vocab_above_median",27,NA,NA,NA,3
"246","passive","2_years","first","101","male",790,"2","6",0,1,0.67,"vocab_above_median",27,NA,NA,NA,4
"247","passive","2_years","second","102","female",855,"1","1",1,0,0.67,"vocab_above_median",26,NA,NA,NA,1
"248","passive","2_years","second","102","female",855,"1","2",1,0,0.67,"vocab_above_median",26,NA,NA,NA,2
"249","passive","2_years","second","102","female",855,"1","3",1,0,0.67,"vocab_above_median",26,NA,NA,NA,3
"250","passive","2_years","second","102","female",855,"1","4",0,0,0.67,"vocab_above_median",26,NA,NA,NA,4
"251","passive","2_years","second","102","female",855,"1","5",0,0,0.67,"vocab_above_median",26,NA,NA,NA,5
"252","passive","2_years","second","102","female",855,"1","6",1,0,0.67,"vocab_above_median",26,NA,NA,NA,6
"253","passive","2_years","second","103","female",835,"1","1",0,0,0.17,"vocab_under_median",14,NA,NA,NA,1
"254","passive","2_years","second","103","female",835,"1","2",0,0,0.17,"vocab_under_median",14,NA,NA,NA,2
"255","passive","2_years","second","103","female",835,"1","3",0,0,0.17,"vocab_under_median",14,NA,NA,NA,3
"256","passive","2_years","second","103","female",835,"1","4",0,0,0.17,"vocab_under_median",14,NA,NA,NA,4
"257","passive","2_years","second","103","female",835,"1","5",1,0,0.17,"vocab_under_median",14,NA,NA,NA,5
"258","passive","2_years","second","103","female",835,"1","6",0,0,0.17,"vocab_under_median",14,NA,NA,NA,6
"259","passive","2_years","first","104","male",766,"4","1",NA,1,0.4,"vocab_under_median",21,NA,NA,NA,4
"260","passive","2_years","first","104","male",766,"4","2",0,1,0.4,"vocab_under_median",21,NA,NA,NA,5
"261","passive","2_years","first","104","male",766,"4","3",1,1,0.4,"vocab_under_median",21,NA,NA,NA,6
"262","passive","2_years","first","104","male",766,"4","4",1,1,0.4,"vocab_under_median",21,NA,NA,NA,1
"263","passive","2_years","first","104","male",766,"4","5",0,1,0.4,"vocab_under_median",21,NA,NA,NA,2
"264","passive","2_years","first","104","male",766,"4","6",0,1,0.4,"vocab_under_median",21,NA,NA,NA,3
"265","passive","2_years","first","105","female",741,"1","1",1,1,0.33,"vocab_under_median",21,NA,NA,NA,1
"266","passive","2_years","first","105","female",741,"1","2",0,1,0.33,"vocab_under_median",21,NA,NA,NA,2
"267","passive","2_years","first","105","female",741,"1","3",0,1,0.33,"vocab_under_median",21,NA,NA,NA,3
"268","passive","2_years","first","105","female",741,"1","4",0,1,0.33,"vocab_under_median",21,NA,NA,NA,4
"269","passive","2_years","first","105","female",741,"1","5",1,1,0.33,"vocab_under_median",21,NA,NA,NA,5
"270","passive","2_years","first","105","female",741,"1","6",0,1,0.33,"vocab_under_median",21,NA,NA,NA,6
"271","passive","2_years","second","106","female",827,"3","1",1,0,0.67,"vocab_above_median",25,NA,NA,NA,2
"272","passive","2_years","second","106","female",827,"3","2",1,0,0.67,"vocab_above_median",25,NA,NA,NA,3
"273","passive","2_years","second","106","female",827,"3","3",0,0,0.67,"vocab_above_median",25,NA,NA,NA,4
"274","passive","2_years","second","106","female",827,"3","4",0,0,0.67,"vocab_above_median",25,NA,NA,NA,5
"275","passive","2_years","second","106","female",827,"3","5",1,0,0.67,"vocab_above_median",25,NA,NA,NA,6
"276","passive","2_years","second","106","female",827,"3","6",1,0,0.67,"vocab_above_median",25,NA,NA,NA,1
"277","passive","2_years","second","107","female",783,"4","1",1,0,0.6,"vocab_under_median",13,NA,NA,NA,4
"278","passive","2_years","second","107","female",783,"4","2",NA,0,0.6,"vocab_under_median",13,NA,NA,NA,5
"279","passive","2_years","second","107","female",783,"4","3",1,0,0.6,"vocab_under_median",13,NA,NA,NA,6
"280","passive","2_years","second","107","female",783,"4","4",0,0,0.6,"vocab_under_median",13,NA,NA,NA,1
"281","passive","2_years","second","107","female",783,"4","5",0,0,0.6,"vocab_under_median",13,NA,NA,NA,2
"282","passive","2_years","second","107","female",783,"4","6",1,0,0.6,"vocab_under_median",13,NA,NA,NA,3
"283","passive","2_years","second","108","male",740,"1","1",1,1,0.67,"vocab_under_median",15,NA,NA,NA,1
"284","passive","2_years","second","108","male",740,"1","2",0,1,0.67,"vocab_under_median",15,NA,NA,NA,2
"285","passive","2_years","second","108","male",740,"1","3",1,1,0.67,"vocab_under_median",15,NA,NA,NA,3
"286","passive","2_years","second","108","male",740,"1","4",1,1,0.67,"vocab_under_median",15,NA,NA,NA,4
"287","passive","2_years","second","108","male",740,"1","5",0,1,0.67,"vocab_under_median",15,NA,NA,NA,5
"288","passive","2_years","second","108","male",740,"1","6",1,1,0.67,"vocab_under_median",15,NA,NA,NA,6
"289","passive","2_years","first","405","female",880,"2","1",1,1,0.83,"vocab_above_median",NA,NA,NA,NA,5
"290","passive","2_years","first","405","female",880,"2","2",1,1,0.83,"vocab_above_median",NA,NA,NA,NA,6
"291","passive","2_years","first","405","female",880,"2","3",1,1,0.83,"vocab_above_median",NA,NA,NA,NA,1
"292","passive","2_years","first","405","female",880,"2","4",0,1,0.83,"vocab_above_median",NA,NA,NA,NA,2
"293","passive","2_years","first","405","female",880,"2","5",1,1,0.83,"vocab_above_median",NA,NA,NA,NA,3
"294","passive","2_years","first","405","female",880,"2","6",1,1,0.83,"vocab_above_median",NA,NA,NA,NA,4
"295","passive","2_years","first","407","male",818,"3","1",0,1,0.33,"vocab_under_median",22,NA,NA,NA,2
"296","passive","2_years","first","407","male",818,"3","2",0,1,0.33,"vocab_under_median",22,NA,NA,NA,3
"297","passive","2_years","first","407","male",818,"3","3",0,1,0.33,"vocab_under_median",22,NA,NA,NA,4
"298","passive","2_years","first","407","male",818,"3","4",0,1,0.33,"vocab_under_median",22,NA,NA,NA,5
"299","passive","2_years","first","407","male",818,"3","5",1,1,0.33,"vocab_under_median",22,NA,NA,NA,6
"300","passive","2_years","first","407","male",818,"3","6",1,1,0.33,"vocab_under_median",22,NA,NA,NA,1
"301","passive","2_years","first","408","female",791,"3","1",1,1,0.83,"vocab_above_median",27,NA,NA,NA,2
"302","passive","2_years","first","408","female",791,"3","2",1,1,0.83,"vocab_above_median",27,NA,NA,NA,3
"303","passive","2_years","first","408","female",791,"3","3",0,1,0.83,"vocab_above_median",27,NA,NA,NA,4
"304","passive","2_years","first","408","female",791,"3","4",1,1,0.83,"vocab_above_median",27,NA,NA,NA,5
"305","passive","2_years","first","408","female",791,"3","5",1,1,0.83,"vocab_above_median",27,NA,NA,NA,6
"306","passive","2_years","first","408","female",791,"3","6",1,1,0.83,"vocab_above_median",27,NA,NA,NA,1
"307","active","3_years","first","31","female",1287,"2","1",1,1,1,"vocab_above_median",31,NA,NA,NA,5
"308","active","3_years","first","31","female",1287,"2","2",1,1,1,"vocab_above_median",31,NA,NA,NA,6
"309","active","3_years","first","31","female",1287,"2","3",1,1,1,"vocab_above_median",31,NA,NA,NA,1
"310","active","3_years","first","31","female",1287,"2","4",1,1,1,"vocab_above_median",31,NA,NA,NA,2
"311","active","3_years","first","31","female",1287,"2","5",1,1,1,"vocab_above_median",31,NA,NA,NA,3
"312","active","3_years","first","31","female",1287,"2","6",1,1,1,"vocab_above_median",31,NA,NA,NA,4
"313","active","3_years","first","32","male",1187,"4","1",1,1,0.67,"vocab_under_median",11,29,10,8,4
"314","active","3_years","first","32","male",1187,"4","2",1,1,0.67,"vocab_under_median",11,29,10,8,5
"315","active","3_years","first","32","male",1187,"4","3",1,1,0.67,"vocab_under_median",11,29,10,8,6
"316","active","3_years","first","32","male",1187,"4","4",0,1,0.67,"vocab_under_median",11,29,10,8,1
"317","active","3_years","first","32","male",1187,"4","5",0,1,0.67,"vocab_under_median",11,29,10,8,2
"318","active","3_years","first","32","male",1187,"4","6",1,1,0.67,"vocab_under_median",11,29,10,8,3
"319","active","3_years","first","33","female",1302,"4","1",1,1,1,"vocab_under_median",18,75,12,10,4
"320","active","3_years","first","33","female",1302,"4","2",1,1,1,"vocab_under_median",18,75,12,10,5
"321","active","3_years","first","33","female",1302,"4","3",1,1,1,"vocab_under_median",18,75,12,10,6
"322","active","3_years","first","33","female",1302,"4","4",1,1,1,"vocab_under_median",18,75,12,10,1
"323","active","3_years","first","33","female",1302,"4","5",1,1,1,"vocab_under_median",18,75,12,10,2
"324","active","3_years","first","33","female",1302,"4","6",1,1,1,"vocab_under_median",18,75,12,10,3
"325","active","3_years","first","34","male",1254,"2","1",0,1,0.33,"vocab_under_median",16,57,6,10,5
"326","active","3_years","first","34","male",1254,"2","2",1,1,0.33,"vocab_under_median",16,57,6,10,6
"327","active","3_years","first","34","male",1254,"2","3",1,1,0.33,"vocab_under_median",16,57,6,10,1
"328","active","3_years","first","34","male",1254,"2","4",0,1,0.33,"vocab_under_median",16,57,6,10,2
"329","active","3_years","first","34","male",1254,"2","5",0,1,0.33,"vocab_under_median",16,57,6,10,3
"330","active","3_years","first","34","male",1254,"2","6",0,1,0.33,"vocab_under_median",16,57,6,10,4
"331","active","3_years","second","35","male",1342,"1","1",1,0,0.67,"vocab_under_median",13,NA,NA,NA,1
"332","active","3_years","second","35","male",1342,"1","2",1,0,0.67,"vocab_under_median",13,NA,NA,NA,2
"333","active","3_years","second","35","male",1342,"1","3",1,0,0.67,"vocab_under_median",13,NA,NA,NA,3
"334","active","3_years","second","35","male",1342,"1","4",0,0,0.67,"vocab_under_median",13,NA,NA,NA,4
"335","active","3_years","second","35","male",1342,"1","5",0,0,0.67,"vocab_under_median",13,NA,NA,NA,5
"336","active","3_years","second","35","male",1342,"1","6",1,0,0.67,"vocab_under_median",13,NA,NA,NA,6
"337","active","3_years","first","36","female",1273,"4","1",1,1,1,"vocab_under_median",14,66,10,9,4
"338","active","3_years","first","36","female",1273,"4","2",1,1,1,"vocab_under_median",14,66,10,9,5
"339","active","3_years","first","36","female",1273,"4","3",1,1,1,"vocab_under_median",14,66,10,9,6
"340","active","3_years","first","36","female",1273,"4","4",1,1,1,"vocab_under_median",14,66,10,9,1
"341","active","3_years","first","36","female",1273,"4","5",1,1,1,"vocab_under_median",14,66,10,9,2
"342","active","3_years","first","36","female",1273,"4","6",1,1,1,"vocab_under_median",14,66,10,9,3
"343","active","3_years","second","37","male",1216,"2","1",0,0,0.33,"vocab_under_median",15,85,12,9,5
"344","active","3_years","second","37","male",1216,"2","2",0,0,0.33,"vocab_under_median",15,85,12,9,6
"345","active","3_years","second","37","male",1216,"2","3",0,0,0.33,"vocab_under_median",15,85,12,9,1
"346","active","3_years","second","37","male",1216,"2","4",1,0,0.33,"vocab_under_median",15,85,12,9,2
"347","active","3_years","second","37","male",1216,"2","5",1,0,0.33,"vocab_under_median",15,85,12,9,3
"348","active","3_years","second","37","male",1216,"2","6",0,0,0.33,"vocab_under_median",15,85,12,9,4
"349","active","3_years","first","38","female",1360,"1","1",1,1,0.5,"vocab_above_median",19,51,10,11,1
"350","active","3_years","first","38","female",1360,"1","2",0,1,0.5,"vocab_above_median",19,51,10,11,2
"351","active","3_years","first","38","female",1360,"1","3",0,1,0.5,"vocab_above_median",19,51,10,11,3
"352","active","3_years","first","38","female",1360,"1","4",1,1,0.5,"vocab_above_median",19,51,10,11,4
"353","active","3_years","first","38","female",1360,"1","5",0,1,0.5,"vocab_above_median",19,51,10,11,5
"354","active","3_years","first","38","female",1360,"1","6",1,1,0.5,"vocab_above_median",19,51,10,11,6
"355","active","3_years","second","39","male",1226,"2","1",1,0,0.83,"vocab_under_median",14,55,11,9,5
"356","active","3_years","second","39","male",1226,"2","2",1,0,0.83,"vocab_under_median",14,55,11,9,6
"357","active","3_years","second","39","male",1226,"2","3",1,0,0.83,"vocab_under_median",14,55,11,9,1
"358","active","3_years","second","39","male",1226,"2","4",0,0,0.83,"vocab_under_median",14,55,11,9,2
"359","active","3_years","second","39","male",1226,"2","5",1,0,0.83,"vocab_under_median",14,55,11,9,3
"360","active","3_years","second","39","male",1226,"2","6",1,0,0.83,"vocab_under_median",14,55,11,9,4
"361","active","3_years","second","40","female",1293,"3","1",1,0,0.67,"vocab_under_median",12,74,11,9,2
"362","active","3_years","second","40","female",1293,"3","2",1,0,0.67,"vocab_under_median",12,74,11,9,3
"363","active","3_years","second","40","female",1293,"3","3",1,0,0.67,"vocab_under_median",12,74,11,9,4
"364","active","3_years","second","40","female",1293,"3","4",1,0,0.67,"vocab_under_median",12,74,11,9,5
"365","active","3_years","second","40","female",1293,"3","5",0,0,0.67,"vocab_under_median",12,74,11,9,6
"366","active","3_years","second","40","female",1293,"3","6",0,0,0.67,"vocab_under_median",12,74,11,9,1
"367","active","3_years","second","41","male",1223,"1","1",1,0,0.5,"vocab_under_median",13,24,9,6,1
"368","active","3_years","second","41","male",1223,"1","2",1,0,0.5,"vocab_under_median",13,24,9,6,2
"369","active","3_years","second","41","male",1223,"1","3",0,0,0.5,"vocab_under_median",13,24,9,6,3
"370","active","3_years","second","41","male",1223,"1","4",0,0,0.5,"vocab_under_median",13,24,9,6,4
"371","active","3_years","second","41","male",1223,"1","5",1,0,0.5,"vocab_under_median",13,24,9,6,5
"372","active","3_years","second","41","male",1223,"1","6",0,0,0.5,"vocab_under_median",13,24,9,6,6
"373","active","3_years","second","42","male",1257,"3","1",1,0,0.67,"vocab_above_median",23,70,11,11,2
"374","active","3_years","second","42","male",1257,"3","2",0,0,0.67,"vocab_above_median",23,70,11,11,3
"375","active","3_years","second","42","male",1257,"3","3",1,0,0.67,"vocab_above_median",23,70,11,11,4
"376","active","3_years","second","42","male",1257,"3","4",1,0,0.67,"vocab_above_median",23,70,11,11,5
"377","active","3_years","second","42","male",1257,"3","5",1,0,0.67,"vocab_above_median",23,70,11,11,6
"378","active","3_years","second","42","male",1257,"3","6",0,0,0.67,"vocab_above_median",23,70,11,11,1
"379","active","3_years","first","47","female",1306,"3","1",0,1,0.83,"vocab_above_median",23,79,12,12,2
"380","active","3_years","first","47","female",1306,"3","2",1,1,0.83,"vocab_above_median",23,79,12,12,3
"381","active","3_years","first","47","female",1306,"3","3",1,1,0.83,"vocab_above_median",23,79,12,12,4
"382","active","3_years","first","47","female",1306,"3","4",1,1,0.83,"vocab_above_median",23,79,12,12,5
"383","active","3_years","first","47","female",1306,"3","5",1,1,0.83,"vocab_above_median",23,79,12,12,6
"384","active","3_years","first","47","female",1306,"3","6",1,1,0.83,"vocab_above_median",23,79,12,12,1
"385","active","3_years","first","56","male",1368,"3","1",0,1,0.67,"vocab_above_median",22,85,12,12,2
"386","active","3_years","first","56","male",1368,"3","2",0,1,0.67,"vocab_above_median",22,85,12,12,3
"387","active","3_years","first","56","male",1368,"3","3",1,1,0.67,"vocab_above_median",22,85,12,12,4
"388","active","3_years","first","56","male",1368,"3","4",1,1,0.67,"vocab_above_median",22,85,12,12,5
"389","active","3_years","first","56","male",1368,"3","5",1,1,0.67,"vocab_above_median",22,85,12,12,6
"390","active","3_years","first","56","male",1368,"3","6",1,1,0.67,"vocab_above_median",22,85,12,12,1
"391","active","3_years","second","59","male",1244,"2","1",0,0,0.67,"vocab_above_median",26,45,7,8,5
"392","active","3_years","second","59","male",1244,"2","2",1,0,0.67,"vocab_above_median",26,45,7,8,6
"393","active","3_years","second","59","male",1244,"2","3",1,0,0.67,"vocab_above_median",26,45,7,8,1
"394","active","3_years","second","59","male",1244,"2","4",1,0,0.67,"vocab_above_median",26,45,7,8,2
"395","active","3_years","second","59","male",1244,"2","5",0,0,0.67,"vocab_above_median",26,45,7,8,3
"396","active","3_years","second","59","male",1244,"2","6",1,0,0.67,"vocab_above_median",26,45,7,8,4
"397","active","3_years","first","60","male",1248,"3","1",1,1,0.67,"vocab_above_median",20,90,10,9,2
"398","active","3_years","first","60","male",1248,"3","2",1,1,0.67,"vocab_above_median",20,90,10,9,3
"399","active","3_years","first","60","male",1248,"3","3",1,1,0.67,"vocab_above_median",20,90,10,9,4
"400","active","3_years","first","60","male",1248,"3","4",1,1,0.67,"vocab_above_median",20,90,10,9,5
"401","active","3_years","first","60","male",1248,"3","5",0,1,0.67,"vocab_above_median",20,90,10,9,6
"402","active","3_years","first","60","male",1248,"3","6",0,1,0.67,"vocab_above_median",20,90,10,9,1
"403","active","3_years","first","62","female",1214,"1","1",1,1,0.83,"vocab_above_median",23,91,12,11,1
"404","active","3_years","first","62","female",1214,"1","2",1,1,0.83,"vocab_above_median",23,91,12,11,2
"405","active","3_years","first","62","female",1214,"1","3",1,1,0.83,"vocab_above_median",23,91,12,11,3
"406","active","3_years","first","62","female",1214,"1","4",1,1,0.83,"vocab_above_median",23,91,12,11,4
"407","active","3_years","first","62","female",1214,"1","5",0,1,0.83,"vocab_above_median",23,91,12,11,5
"408","active","3_years","first","62","female",1214,"1","6",1,1,0.83,"vocab_above_median",23,91,12,11,6
"409","active","3_years","second","63","female",1258,"4","1",0,0,0.67,"vocab_under_median",17,95,12,11,4
"410","active","3_years","second","63","female",1258,"4","2",1,0,0.67,"vocab_under_median",17,95,12,11,5
"411","active","3_years","second","63","female",1258,"4","3",0,0,0.67,"vocab_under_median",17,95,12,11,6
"412","active","3_years","second","63","female",1258,"4","4",1,0,0.67,"vocab_under_median",17,95,12,11,1
"413","active","3_years","second","63","female",1258,"4","5",1,0,0.67,"vocab_under_median",17,95,12,11,2
"414","active","3_years","second","63","female",1258,"4","6",1,0,0.67,"vocab_under_median",17,95,12,11,3
"415","active","3_years","second","64","female",1291,"1","1",1,0,0.67,"vocab_above_median",19,93,12,12,1
"416","active","3_years","second","64","female",1291,"1","2",0,0,0.67,"vocab_above_median",19,93,12,12,2
"417","active","3_years","second","64","female",1291,"1","3",1,0,0.67,"vocab_above_median",19,93,12,12,3
"418","active","3_years","second","64","female",1291,"1","4",1,0,0.67,"vocab_above_median",19,93,12,12,4
"419","active","3_years","second","64","female",1291,"1","5",1,0,0.67,"vocab_above_median",19,93,12,12,5
"420","active","3_years","second","64","female",1291,"1","6",0,0,0.67,"vocab_above_median",19,93,12,12,6
"421","active","3_years","second","66","male",1252,"3","1",1,0,0.83,"vocab_above_median",21,94,12,11,2
"422","active","3_years","second","66","male",1252,"3","2",1,0,0.83,"vocab_above_median",21,94,12,11,3
"423","active","3_years","second","66","male",1252,"3","3",0,0,0.83,"vocab_above_median",21,94,12,11,4
"424","active","3_years","second","66","male",1252,"3","4",1,0,0.83,"vocab_above_median",21,94,12,11,5
"425","active","3_years","second","66","male",1252,"3","5",1,0,0.83,"vocab_above_median",21,94,12,11,6
"426","active","3_years","second","66","male",1252,"3","6",1,0,0.83,"vocab_above_median",21,94,12,11,1
"427","active","3_years","second","68","female",1248,"4","1",1,0,0.5,"vocab_above_median",20,69,12,11,4
"428","active","3_years","second","68","female",1248,"4","2",1,0,0.5,"vocab_above_median",20,69,12,11,5
"429","active","3_years","second","68","female",1248,"4","3",0,0,0.5,"vocab_above_median",20,69,12,11,6
"430","active","3_years","second","68","female",1248,"4","4",0,0,0.5,"vocab_above_median",20,69,12,11,1
"431","active","3_years","second","68","female",1248,"4","5",0,0,0.5,"vocab_above_median",20,69,12,11,2
"432","active","3_years","second","68","female",1248,"4","6",1,0,0.5,"vocab_above_median",20,69,12,11,3
"433","active","3_years","first","150","male",1299,"4","1",1,1,1,"vocab_above_median",23,91,12,12,4
"434","active","3_years","first","150","male",1299,"4","2",1,1,1,"vocab_above_median",23,91,12,12,5
"435","active","3_years","first","150","male",1299,"4","3",1,1,1,"vocab_above_median",23,91,12,12,6
"436","active","3_years","first","150","male",1299,"4","4",1,1,1,"vocab_above_median",23,91,12,12,1
"437","active","3_years","first","150","male",1299,"4","5",1,1,1,"vocab_above_median",23,91,12,12,2
"438","active","3_years","first","150","male",1299,"4","6",1,1,1,"vocab_above_median",23,91,12,12,3
"439","active","3_years","second","151","male",1277,"4","1",1,0,1,"vocab_above_median",20,71,9,7,4
"440","active","3_years","second","151","male",1277,"4","2",1,0,1,"vocab_above_median",20,71,9,7,5
"441","active","3_years","second","151","male",1277,"4","3",1,0,1,"vocab_above_median",20,71,9,7,6
"442","active","3_years","second","151","male",1277,"4","4",1,0,1,"vocab_above_median",20,71,9,7,1
"443","active","3_years","second","151","male",1277,"4","5",1,0,1,"vocab_above_median",20,71,9,7,2
"444","active","3_years","second","151","male",1277,"4","6",1,0,1,"vocab_above_median",20,71,9,7,3
"445","active","3_years","first","164","female",1255,"2","1",1,1,1,"vocab_above_median",31,94,12,12,5
"446","active","3_years","first","164","female",1255,"2","2",1,1,1,"vocab_above_median",31,94,12,12,6
"447","active","3_years","first","164","female",1255,"2","3",1,1,1,"vocab_above_median",31,94,12,12,1
"448","active","3_years","first","164","female",1255,"2","4",1,1,1,"vocab_above_median",31,94,12,12,2
"449","active","3_years","first","164","female",1255,"2","5",1,1,1,"vocab_above_median",31,94,12,12,3
"450","active","3_years","first","164","female",1255,"2","6",1,1,1,"vocab_above_median",31,94,12,12,4
"451","active","3_years","first","165","male",1261,"1","1",1,1,0.83,"vocab_above_median",23,95,9,10,1
"452","active","3_years","first","165","male",1261,"1","2",1,1,0.83,"vocab_above_median",23,95,9,10,2
"453","active","3_years","first","165","male",1261,"1","3",1,1,0.83,"vocab_above_median",23,95,9,10,3
"454","active","3_years","first","165","male",1261,"1","4",1,1,0.83,"vocab_above_median",23,95,9,10,4
"455","active","3_years","first","165","male",1261,"1","5",0,1,0.83,"vocab_above_median",23,95,9,10,5
"456","active","3_years","first","165","male",1261,"1","6",1,1,0.83,"vocab_above_median",23,95,9,10,6
"457","active","3_years","first","170","female",1245,"2","1",1,1,1,"vocab_above_median",22,73,3,10,5
"458","active","3_years","first","170","female",1245,"2","2",1,1,1,"vocab_above_median",22,73,3,10,6
"459","active","3_years","first","170","female",1245,"2","3",1,1,1,"vocab_above_median",22,73,3,10,1
"460","active","3_years","first","170","female",1245,"2","4",1,1,1,"vocab_above_median",22,73,3,10,2
"461","active","3_years","first","170","female",1245,"2","5",1,1,1,"vocab_above_median",22,73,3,10,3
"462","active","3_years","first","170","female",1245,"2","6",1,1,1,"vocab_above_median",22,73,3,10,4
"463","passive","3_years","second","43","male",1327,"1","1",1,0,0.67,"vocab_above_median",21,71,9,9,1
"464","passive","3_years","second","43","male",1327,"1","2",1,0,0.67,"vocab_above_median",21,71,9,9,2
"465","passive","3_years","second","43","male",1327,"1","3",0,0,0.67,"vocab_above_median",21,71,9,9,3
"466","passive","3_years","second","43","male",1327,"1","4",1,0,0.67,"vocab_above_median",21,71,9,9,4
"467","passive","3_years","second","43","male",1327,"1","5",1,0,0.67,"vocab_above_median",21,71,9,9,5
"468","passive","3_years","second","43","male",1327,"1","6",0,0,0.67,"vocab_above_median",21,71,9,9,6
"469","passive","3_years","second","45","male",1233,"2","1",1,0,0.5,"vocab_under_median",18,76,10,11,5
"470","passive","3_years","second","45","male",1233,"2","2",0,0,0.5,"vocab_under_median",18,76,10,11,6
"471","passive","3_years","second","45","male",1233,"2","3",1,0,0.5,"vocab_under_median",18,76,10,11,1
"472","passive","3_years","second","45","male",1233,"2","4",0,0,0.5,"vocab_under_median",18,76,10,11,2
"473","passive","3_years","second","45","male",1233,"2","5",1,0,0.5,"vocab_under_median",18,76,10,11,3
"474","passive","3_years","second","45","male",1233,"2","6",0,0,0.5,"vocab_under_median",18,76,10,11,4
"475","passive","3_years","second","46","female",1225,"4","1",1,0,0.67,"vocab_under_median",13,54,12,9,4
"476","passive","3_years","second","46","female",1225,"4","2",0,0,0.67,"vocab_under_median",13,54,12,9,5
"477","passive","3_years","second","46","female",1225,"4","3",0,0,0.67,"vocab_under_median",13,54,12,9,6
"478","passive","3_years","second","46","female",1225,"4","4",1,0,0.67,"vocab_under_median",13,54,12,9,1
"479","passive","3_years","second","46","female",1225,"4","5",1,0,0.67,"vocab_under_median",13,54,12,9,2
"480","passive","3_years","second","46","female",1225,"4","6",1,0,0.67,"vocab_under_median",13,54,12,9,3
"481","passive","3_years","second","48","male",1208,"3","1",0,0,0.5,"vocab_under_median",13,86,10,10,2
"482","passive","3_years","second","48","male",1208,"3","2",1,0,0.5,"vocab_under_median",13,86,10,10,3
"483","passive","3_years","second","48","male",1208,"3","3",1,0,0.5,"vocab_under_median",13,86,10,10,4
"484","passive","3_years","second","48","male",1208,"3","4",0,0,0.5,"vocab_under_median",13,86,10,10,5
"485","passive","3_years","second","48","male",1208,"3","5",1,0,0.5,"vocab_under_median",13,86,10,10,6
"486","passive","3_years","second","48","male",1208,"3","6",0,0,0.5,"vocab_under_median",13,86,10,10,1
"487","passive","3_years","second","49","male",1300,"4","1",1,0,0.67,"vocab_under_median",14,72,8,9,4
"488","passive","3_years","second","49","male",1300,"4","2",1,0,0.67,"vocab_under_median",14,72,8,9,5
"489","passive","3_years","second","49","male",1300,"4","3",0,0,0.67,"vocab_under_median",14,72,8,9,6
"490","passive","3_years","second","49","male",1300,"4","4",1,0,0.67,"vocab_under_median",14,72,8,9,1
"491","passive","3_years","second","49","male",1300,"4","5",0,0,0.67,"vocab_under_median",14,72,8,9,2
"492","passive","3_years","second","49","male",1300,"4","6",1,0,0.67,"vocab_under_median",14,72,8,9,3
"493","passive","3_years","second","50","male",1367,"1","1",1,0,0.5,"vocab_under_median",9,79,12,10,1
"494","passive","3_years","second","50","male",1367,"1","2",0,0,0.5,"vocab_under_median",9,79,12,10,2
"495","passive","3_years","second","50","male",1367,"1","3",1,0,0.5,"vocab_under_median",9,79,12,10,3
"496","passive","3_years","second","50","male",1367,"1","4",1,0,0.5,"vocab_under_median",9,79,12,10,4
"497","passive","3_years","second","50","male",1367,"1","5",0,0,0.5,"vocab_under_median",9,79,12,10,5
"498","passive","3_years","second","50","male",1367,"1","6",0,0,0.5,"vocab_under_median",9,79,12,10,6
"499","passive","3_years","first","51","female",1274,"3","1",1,1,0.33,"vocab_above_median",19,91,11,8,2
"500","passive","3_years","first","51","female",1274,"3","2",0,1,0.33,"vocab_above_median",19,91,11,8,3
"501","passive","3_years","first","51","female",1274,"3","3",0,1,0.33,"vocab_above_median",19,91,11,8,4
"502","passive","3_years","first","51","female",1274,"3","4",0,1,0.33,"vocab_above_median",19,91,11,8,5
"503","passive","3_years","first","51","female",1274,"3","5",1,1,0.33,"vocab_above_median",19,91,11,8,6
"504","passive","3_years","first","51","female",1274,"3","6",0,1,0.33,"vocab_above_median",19,91,11,8,1
"505","passive","3_years","first","52","female",1293,"3","1",1,1,0.67,"vocab_under_median",5,73,12,9,2
"506","passive","3_years","first","51","female",1274,"3","2",0,1,0.67,"vocab_under_median",5,73,12,9,3
"507","passive","3_years","first","51","female",1274,"3","3",1,1,0.67,"vocab_under_median",5,73,12,9,4
"508","passive","3_years","first","51","female",1274,"3","4",1,1,0.67,"vocab_under_median",5,73,12,9,5
"509","passive","3_years","first","51","female",1274,"3","5",0,1,0.67,"vocab_under_median",5,73,12,9,6
"510","passive","3_years","first","51","female",1274,"3","6",1,1,0.67,"vocab_under_median",5,73,12,9,1
"511","passive","3_years","first","54","female",1292,"4","1",1,1,1,"vocab_under_median",11,77,8,10,4
"512","passive","3_years","first","54","female",1292,"4","2",1,1,1,"vocab_under_median",11,77,8,10,5
"513","passive","3_years","first","54","female",1292,"4","3",1,1,1,"vocab_under_median",11,77,8,10,6
"514","passive","3_years","first","54","female",1292,"4","4",1,1,1,"vocab_under_median",11,77,8,10,1
"515","passive","3_years","first","54","female",1292,"4","5",1,1,1,"vocab_under_median",11,77,8,10,2
"516","passive","3_years","first","54","female",1292,"4","6",1,1,1,"vocab_under_median",11,77,8,10,3
"517","passive","3_years","first","55","female",1345,"2","1",1,1,0.67,"vocab_under_median",14,92,12,12,5
"518","passive","3_years","first","55","female",1345,"2","2",1,1,0.67,"vocab_under_median",14,92,12,12,6
"519","passive","3_years","first","55","female",1345,"2","3",1,1,0.67,"vocab_under_median",14,92,12,12,1
"520","passive","3_years","first","55","female",1345,"2","4",1,1,0.67,"vocab_under_median",14,92,12,12,2
"521","passive","3_years","first","55","female",1345,"2","5",0,1,0.67,"vocab_under_median",14,92,12,12,3
"522","passive","3_years","first","55","female",1345,"2","6",0,1,0.67,"vocab_under_median",14,92,12,12,4
"523","passive","3_years","first","57","female",1317,"4","1",0,1,0.5,"vocab_above_median",23,95,12,11,4
"524","passive","3_years","first","57","female",1317,"4","2",1,1,0.5,"vocab_above_median",23,95,12,11,5
"525","passive","3_years","first","57","female",1317,"4","3",0,1,0.5,"vocab_above_median",23,95,12,11,6
"526","passive","3_years","first","57","female",1317,"4","4",0,1,0.5,"vocab_above_median",23,95,12,11,1
"527","passive","3_years","first","57","female",1317,"4","5",1,1,0.5,"vocab_above_median",23,95,12,11,2
"528","passive","3_years","first","57","female",1317,"4","6",1,1,0.5,"vocab_above_median",23,95,12,11,3
"529","passive","3_years","second","70","female",1309,"1","1",0,0,0.5,"vocab_under_median",20,85,8,9,1
"530","passive","3_years","second","70","female",1309,"1","2",1,0,0.5,"vocab_under_median",20,85,8,9,2
"531","passive","3_years","second","70","female",1309,"1","3",0,0,0.5,"vocab_under_median",20,85,8,9,3
"532","passive","3_years","second","70","female",1309,"1","4",0,0,0.5,"vocab_under_median",20,85,8,9,4
"533","passive","3_years","second","70","female",1309,"1","5",1,0,0.5,"vocab_under_median",20,85,8,9,5
"534","passive","3_years","second","70","female",1309,"1","6",1,0,0.5,"vocab_under_median",20,85,8,9,6
"535","passive","3_years","first","71","male",1203,"3","1",1,1,0.83,"vocab_under_median",15,87,8,9,2
"536","passive","3_years","first","71","male",1203,"3","2",0,1,0.83,"vocab_under_median",15,87,8,9,3
"537","passive","3_years","first","71","male",1203,"3","3",1,1,0.83,"vocab_under_median",15,87,8,9,4
"538","passive","3_years","first","71","male",1203,"3","4",1,1,0.83,"vocab_under_median",15,87,8,9,5
"539","passive","3_years","first","71","male",1203,"3","5",1,1,0.83,"vocab_under_median",15,87,8,9,6
"540","passive","3_years","first","71","male",1203,"3","6",1,1,0.83,"vocab_under_median",15,87,8,9,1
"541","passive","3_years","second","72","female",1201,"2","1",0,0,0.83,"vocab_above_median",34,NA,NA,NA,5
"542","passive","3_years","second","72","female",1201,"2","2",1,0,0.83,"vocab_above_median",34,NA,NA,NA,6
"543","passive","3_years","second","72","female",1201,"2","3",1,0,0.83,"vocab_above_median",34,NA,NA,NA,1
"544","passive","3_years","second","72","female",1201,"2","4",1,0,0.83,"vocab_above_median",34,NA,NA,NA,2
"545","passive","3_years","second","72","female",1201,"2","5",1,0,0.83,"vocab_above_median",34,NA,NA,NA,3
"546","passive","3_years","second","72","female",1201,"2","6",1,0,0.83,"vocab_above_median",34,NA,NA,NA,4
"547","passive","3_years","first","73","male",1220,"2","1",1,1,0.33,"vocab_under_median",12,66,11,11,5
"548","passive","3_years","first","73","male",1220,"2","2",1,1,0.33,"vocab_under_median",12,66,11,11,6
"549","passive","3_years","first","73","male",1220,"2","3",0,1,0.33,"vocab_under_median",12,66,11,11,1
"550","passive","3_years","first","73","male",1220,"2","4",0,1,0.33,"vocab_under_median",12,66,11,11,2
"551","passive","3_years","first","73","male",1220,"2","5",0,1,0.33,"vocab_under_median",12,66,11,11,3
"552","passive","3_years","first","73","male",1220,"2","6",0,1,0.33,"vocab_under_median",12,66,11,11,4
"553","passive","3_years","first","74","female",1220,"1","1",1,1,0.67,"vocab_under_median",13,79,10,11,1
"554","passive","3_years","first","74","female",1220,"1","2",0,1,0.67,"vocab_under_median",13,79,10,11,2
"555","passive","3_years","first","74","female",1220,"1","3",0,1,0.67,"vocab_under_median",13,79,10,11,3
"556","passive","3_years","first","74","female",1220,"1","4",1,1,0.67,"vocab_under_median",13,79,10,11,4
"557","passive","3_years","first","74","female",1220,"1","5",1,1,0.67,"vocab_under_median",13,79,10,11,5
"558","passive","3_years","first","74","female",1220,"1","6",1,1,0.67,"vocab_under_median",13,79,10,11,6
"559","passive","3_years","first","75","male",1207,"4","1",0,1,0.2,"vocab_above_median",20,81,10,11,4
"560","passive","3_years","first","75","male",1207,"4","2",NA,1,0.2,"vocab_above_median",20,81,10,11,5
"561","passive","3_years","first","75","male",1207,"4","3",0,1,0.2,"vocab_above_median",20,81,10,11,6
"562","passive","3_years","first","75","male",1207,"4","4",0,1,0.2,"vocab_above_median",20,81,10,11,1
"563","passive","3_years","first","75","male",1207,"4","5",1,1,0.2,"vocab_above_median",20,81,10,11,2
"564","passive","3_years","first","75","male",1207,"4","6",0,1,0.2,"vocab_above_median",20,81,10,11,3
"565","passive","3_years","second","76","male",1216,"3","1",1,0,0.5,"vocab_under_median",9,81,12,10,2
"566","passive","3_years","second","76","male",1216,"3","2",1,0,0.5,"vocab_under_median",9,81,12,10,3
"567","passive","3_years","second","76","male",1216,"3","3",0,0,0.5,"vocab_under_median",9,81,12,10,4
"568","passive","3_years","second","76","male",1216,"3","4",0,0,0.5,"vocab_under_median",9,81,12,10,5
"569","passive","3_years","second","76","male",1216,"3","5",1,0,0.5,"vocab_under_median",9,81,12,10,6
"570","passive","3_years","second","76","male",1216,"3","6",0,0,0.5,"vocab_under_median",9,81,12,10,1
"571","passive","3_years","second","77","female",1328,"1","1",1,0,1,"vocab_above_median",22,84,10,10,1
"572","passive","3_years","second","77","female",1328,"1","2",1,0,1,"vocab_above_median",22,84,10,10,2
"573","passive","3_years","second","77","female",1328,"1","3",1,0,1,"vocab_above_median",22,84,10,10,3
"574","passive","3_years","second","77","female",1328,"1","4",1,0,1,"vocab_above_median",22,84,10,10,4
"575","passive","3_years","second","77","female",1328,"1","5",1,0,1,"vocab_above_median",22,84,10,10,5
"576","passive","3_years","second","77","female",1328,"1","6",1,0,1,"vocab_above_median",22,84,10,10,6
"577","passive","3_years","first","153","male",1247,"2","1",1,1,1,"vocab_above_median",27,95,12,10,5
"578","passive","3_years","first","153","male",1247,"2","2",1,1,1,"vocab_above_median",27,95,12,10,6
"579","passive","3_years","first","153","male",1247,"2","3",1,1,1,"vocab_above_median",27,95,12,10,1
"580","passive","3_years","first","153","male",1247,"2","4",1,1,1,"vocab_above_median",27,95,12,10,2
"581","passive","3_years","first","153","male",1247,"2","5",1,1,1,"vocab_above_median",27,95,12,10,3
"582","passive","3_years","first","153","male",1247,"2","6",1,1,1,"vocab_above_median",27,95,12,10,4
"583","passive","3_years","second","154","female",1222,"1","1",1,0,0.67,"vocab_under_median",18,90,12,10,1
"584","passive","3_years","second","154","female",1222,"1","2",0,0,0.67,"vocab_under_median",18,90,12,10,2
"585","passive","3_years","second","154","female",1222,"1","3",0,0,0.67,"vocab_under_median",18,90,12,10,3
"586","passive","3_years","second","154","female",1222,"1","4",1,0,0.67,"vocab_under_median",18,90,12,10,4
"587","passive","3_years","second","154","female",1222,"1","5",1,0,0.67,"vocab_under_median",18,90,12,10,5
"588","passive","3_years","second","154","female",1222,"1","6",1,0,0.67,"vocab_under_median",18,90,12,10,6
"589","passive","3_years","second","157","male",1214,"4","1",0,0,0.67,"vocab_above_median",20,68,8,8,4
"590","passive","3_years","second","157","male",1214,"4","2",1,0,0.67,"vocab_above_median",20,68,8,8,5
"591","passive","3_years","second","157","male",1214,"4","3",1,0,0.67,"vocab_above_median",20,68,8,8,6
"592","passive","3_years","second","157","male",1214,"4","4",1,0,0.67,"vocab_above_median",20,68,8,8,1
"593","passive","3_years","second","157","male",1214,"4","5",0,0,0.67,"vocab_above_median",20,68,8,8,2
"594","passive","3_years","second","157","male",1214,"4","6",1,0,0.67,"vocab_above_median",20,68,8,8,3
"595","passive","3_years","first","158","female",1265,"2","1",1,1,0.17,"vocab_above_median",19,NA,NA,NA,5
"596","passive","3_years","first","158","female",1265,"2","2",0,1,0.17,"vocab_above_median",19,NA,NA,NA,6
"597","passive","3_years","first","158","female",1265,"2","3",0,1,0.17,"vocab_above_median",19,NA,NA,NA,1
"598","passive","3_years","first","158","female",1265,"2","4",0,1,0.17,"vocab_above_median",19,NA,NA,NA,2
"599","passive","3_years","first","158","female",1265,"2","5",0,1,0.17,"vocab_above_median",19,NA,NA,NA,3
"600","passive","3_years","first","158","female",1265,"2","6",0,1,0.17,"vocab_above_median",19,NA,NA,NA,4
"601","passive","3_years","first","159","female",1230,"3","1",1,1,0.5,"vocab_above_median",21,NA,NA,NA,2
"602","passive","3_years","first","159","female",1230,"3","2",0,1,0.5,"vocab_above_median",21,NA,NA,NA,3
"603","passive","3_years","first","159","female",1230,"3","3",0,1,0.5,"vocab_above_median",21,NA,NA,NA,4
"604","passive","3_years","first","159","female",1230,"3","4",0,1,0.5,"vocab_above_median",21,NA,NA,NA,5
"605","passive","3_years","first","159","female",1230,"3","5",1,1,0.5,"vocab_above_median",21,NA,NA,NA,6
"606","passive","3_years","first","159","female",1230,"3","6",1,1,0.5,"vocab_above_median",21,NA,NA,NA,1
